date;breakeven;breakeven_bp
2019-03-05;0,01156;115,6
2019-03-06;0,01147;114,7
2019-03-07;0,01141;114,1
2019-03-08;0,01112;111,2
2019-03-11;0,01123;112,3
2019-03-12;0,01137;113,7
2019-03-13;0,0115;115
2019-03-14;0,01175;117,5
2019-03-15;0,0117;117
2019-03-18;0,0118;118
2019-03-19;0,01185;118,5
2019-03-20;0,01194;119,4
2019-03-21;0,01217;121,7
2019-03-22;0,01156;115,6
2019-03-25;0,01155;115,5
2019-03-26;0,01141;114,1
2019-03-27;0,01098;109,8
2019-03-28;0,011;110
2019-03-29;0,01116;111,6
2019-04-01;0,0115;115
2019-04-02;0,01153;115,3
2019-04-03;0,01146;114,6
2019-04-04;0,01146;114,6
2019-04-05;0,01151;115,1
2019-04-08;0,01163;116,3
2019-04-09;0,01162;116,2
2019-04-10;0,01151;115,1
2019-04-11;0,01154;115,4
2019-04-12;0,0119;119
2019-04-15;0,01203;120,3
2019-04-16;0,01199;119,9
2019-04-17;0,01207;120,7
2019-04-18;0,01215;121,5
2019-04-19;0,01215;121,5
2019-04-22;0,01215;121,5
2019-04-23;0,01229;122,9
2019-04-24;0,01213;121,3
2019-04-25;0,01214;121,4
2019-04-26;0,01184;118,4
2019-04-29;0,01201;120,1
2019-04-30;0,01233;123,3
2019-05-01;0,01233;123,3
2019-05-02;0,01217;121,7
2019-05-03;0,01216;121,6
2019-05-06;0,012;120
2019-05-07;0,01186;118,6
2019-05-08;0,01187;118,7
2019-05-09;0,01159;115,9
2019-05-10;0,01155;115,5
2019-05-13;0,01151;115,1
2019-05-14;0,01139;113,9
2019-05-15;0,01117;111,7
2019-05-16;0,01091;109,1
2019-05-17;0,01074;107,4
2019-05-20;0,01077;107,7
2019-05-21;0,01078;107,8
2019-05-22;0,01077;107,7
2019-05-23;0,01046;104,6
2019-05-24;0,0104;104
2019-05-27;0,01036;103,6
2019-05-28;0,01036;103,6
2019-05-29;0,01014;101,4
2019-05-30;0,01017;101,7
2019-05-31;0,01013;101,3
2019-06-03;0,01005;100,5
2019-06-04;0,00997;99,7
2019-06-05;0,00995;99,5
2019-06-06;0,00962;96,2
2019-06-07;0,00944;94,4
2019-06-10;0,0096;96
2019-06-11;0,00944;94,4
2019-06-12;0,00904;90,4
2019-06-13;0,00891;89,1
2019-06-14;0,00827;82,7
2019-06-17;0,00824;82,4
2019-06-18;0,00893;89,3
2019-06-19;0,00922;92,2
2019-06-20;0,00973;97,3
2019-06-21;0,00977;97,7
2019-06-24;0,00948;94,8
2019-06-25;0,00918;91,8
2019-06-26;0,00922;92,2
2019-06-27;0,00914;91,4
2019-06-28;0,00945;94,5
2019-07-01;0,00936;93,6
2019-07-02;0,00921;92,1
2019-07-03;0,0092;92
2019-07-04;0,00922;92,2
2019-07-05;0,00996;99,6
2019-07-08;0,00978;97,8
2019-07-09;0,00976;97,6
2019-07-10;0,01001;100,1
2019-07-11;0,01018;101,8
2019-07-12;0,01037;103,7
2019-07-15;0,01029;102,9
2019-07-16;0,01014;101,4
2019-07-17;0,00998;99,8
2019-07-18;0,01012;101,2
2019-07-19;0,01056;105,6
2019-07-22;0,01041;104,1
2019-07-23;0,01024;102,4
2019-07-24;0,01029;102,9
2019-07-25;0,01038;103,8
2019-07-26;0,01067;106,7
2019-07-29;0,01047;104,7
2019-07-30;0,01032;103,2
2019-07-31;0,01027;102,7
2019-08-01;0,00999;99,9
2019-08-02;0,00947;94,7
2019-08-05;0,00931;93,1
2019-08-06;0,0095;95
2019-08-07;0,0091;91
2019-08-08;0,00929;92,9
2019-08-09;0,00948;94,8
2019-08-12;0,00958;95,8
2019-08-13;0,0095;95
2019-08-14;0,00911;91,1
2019-08-15;0,00923;92,3
2019-08-16;0,00921;92,1
2019-08-19;0,00937;93,7
2019-08-20;0,00911;91,1
2019-08-21;0,0092;92
2019-08-22;0,00931;93,1
2019-08-23;0,00921;92,1
2019-08-26;0,0092;92
2019-08-27;0,00901;90,1
2019-08-28;0,00856;85,6
2019-08-29;0,00863;86,3
2019-08-30;0,0084;84
2019-09-02;0,00825;82,5
2019-09-03;0,00814;81,4
2019-09-04;0,00844;84,4
2019-09-05;0,00903;90,3
2019-09-06;0,00893;89,3
2019-09-09;0,00905;90,5
2019-09-10;0,00901;90,1
2019-09-11;0,00901;90,1
2019-09-12;0,0096;96
2019-09-13;0,00944;94,4
2019-09-16;0,00958;95,8
2019-09-17;0,00967;96,7
2019-09-18;0,00958;95,8
2019-09-19;0,0096;96
2019-09-20;0,00942;94,2
2019-09-23;0,00917;91,7
2019-09-24;0,00911;91,1
2019-09-25;0,00888;88,8
2019-09-26;0,00886;88,6
2019-09-27;0,00881;88,1
2019-09-30;0,00862;86,2
2019-10-01;0,00853;85,3
2019-10-02;0,00852;85,2
2019-10-03;0,00814;81,4
2019-10-04;0,00833;83,3
2019-10-07;0,00827;82,7
2019-10-08;0,0084;84
2019-10-09;0,00864;86,4
2019-10-10;0,00881;88,1
2019-10-11;0,00876;87,6
2019-10-14;0,0086;86
2019-10-15;0,00881;88,1
2019-10-16;0,009;90
2019-10-17;0,00919;91,9
2019-10-18;0,00912;91,2
2019-10-21;0,00921;92,1
2019-10-22;0,00906;90,6
2019-10-23;0,00885;88,5
2019-10-24;0,00902;90,2
2019-10-25;0,0091;91
2019-10-28;0,00936;93,6
2019-10-29;0,00944;94,4
2019-10-30;0,00944;94,4
2019-10-31;0,00937;93,7
2019-11-01;0,00946;94,6
2019-11-04;0,00979;97,9
2019-11-05;0,01016;101,6
2019-11-06;0,01021;102,1
2019-11-07;0,01034;103,4
2019-11-08;0,0102;102
2019-11-11;0,01031;103,1
2019-11-12;0,01043;104,3
2019-11-13;0,01023;102,3
2019-11-14;0,01014;101,4
2019-11-15;0,01013;101,3
2019-11-18;0,01011;101,1
2019-11-19;0,01002;100,2
2019-11-20;0,01001;100,1
2019-11-21;0,0101;101
2019-11-22;0,01;100
2019-11-25;0,00988;98,8
2019-11-26;0,00979;97,9
2019-11-27;0,00987;98,7
2019-11-28;0,00995;99,5
2019-11-29;0,01016;101,6
2019-12-02;0,01031;103,1
2019-12-03;0,01032;103,2
2019-12-04;0,01038;103,8
2019-12-05;0,01033;103,3
2019-12-06;0,01048;104,8
2019-12-09;0,01043;104,3
2019-12-10;0,01043;104,3
2019-12-11;0,01044;104,4
2019-12-12;0,01058;105,8
2019-12-13;0,01068;106,8
2019-12-16;0,01068;106,8
2019-12-17;0,01067;106,7
2019-12-18;0,01075;107,5
2019-12-19;0,0109;109
2019-12-20;0,01084;108,4
2019-12-23;0,01082;108,2
2019-12-24;0,01085;108,5
2019-12-25;0,01085;108,5
2019-12-26;0,01085;108,5
2019-12-27;0,01082;108,2
2019-12-30;0,01096;109,6
2019-12-31;0,01096;109,6
2020-01-01;0,01097;109,7
2020-01-02;0,01105;110,5
2020-01-03;0,01117;111,7
2020-01-06;0,01125;112,5
2020-01-07;0,0112;112
2020-01-08;0,01118;111,8
2020-01-09;0,01119;111,9
2020-01-10;0,01125;112,5
2020-01-13;0,01139;113,9
2020-01-14;0,01146;114,6
2020-01-15;0,01145;114,5
2020-01-16;0,01134;113,4
2020-01-17;0,01142;114,2
2020-01-20;0,01143;114,3
2020-01-21;0,01121;112,1
2020-01-22;0,01115;111,5
2020-01-23;0,01089;108,9
2020-01-24;0,01086;108,6
2020-01-27;0,01054;105,4
2020-01-28;0,01058;105,8
2020-01-29;0,0105;105
2020-01-30;0,01027;102,7
2020-01-31;0,01008;100,8
2020-02-03;0,00995;99,5
2020-02-04;0,01005;100,5
2020-02-05;0,01019;101,9
2020-02-06;0,01009;100,9
2020-02-07;0,00994;99,4
2020-02-10;0,00985;98,5
2020-02-11;0,00966;96,6
2020-02-12;0,00973;97,3
2020-02-13;0,00978;97,8
2020-02-14;0,00976;97,6
2020-02-17;0,00972;97,2
2020-02-18;0,00958;95,8
2020-02-19;0,00958;95,8
2020-02-20;0,00947;94,7
2020-02-21;0,00937;93,7
2020-02-24;0,00905;90,5
2020-02-25;0,00893;89,3
2020-02-26;0,00888;88,8
2020-02-27;0,00854;85,4
2020-02-28;0,00809;80,9
2020-03-02;0,00795;79,5
2020-03-03;0,00833;83,3
2020-03-04;0,0082;82
2020-03-05;0,00749;74,9
2020-03-06;0,00657;65,7
2020-03-09;0,00534;53,4
2020-03-10;0,0053;53
2020-03-11;0,0051;51
2020-03-12;0,00441;44,1
2020-03-13;0,00482;48,2
2020-03-16;0,00389;38,9
2020-03-17;0,00359;35,9
2020-03-18;0,00276;27,6
2020-03-19;0,00255;25,5
2020-03-20;0,00239;23,9
2020-03-23;0,00192;19,2
2020-03-24;0,00205;20,5
2020-03-25;0,00285;28,5
2020-03-26;0,00351;35,1
2020-03-27;0,00431;43,1
2020-03-30;0,0046;46
2020-03-31;0,00432;43,2
2020-04-01;0,0039;39
2020-04-02;0,00411;41,1
2020-04-03;0,0044;44
2020-04-06;0,00429;42,9
2020-04-07;0,0047;47
2020-04-08;0,00469;46,9
2020-04-09;0,00501;50,1
2020-04-10;0,00501;50,1
2020-04-13;0,00501;50,1
2020-04-14;0,00492;49,2
2020-04-15;0,00467;46,7
2020-04-16;0,00466;46,6
2020-04-17;0,00471;47,1
2020-04-20;0,00476;47,6
2020-04-21;0,00457;45,7
2020-04-22;0,00461;46,1
2020-04-23;0,00489;48,9
2020-04-24;0,00481;48,1
2020-04-27;0,00474;47,4
2020-04-28;0,00468;46,8
2020-04-29;0,00477;47,7
2020-04-30;0,00532;53,2
2020-05-01;0,00532;53,2
2020-05-04;0,00501;50,1
2020-05-05;0,00495;49,5
2020-05-06;0,00496;49,6
2020-05-07;0,00491;49,1
2020-05-08;0,00482;48,2
2020-05-11;0,00484;48,4
2020-05-12;0,00472;47,2
2020-05-13;0,00455;45,5
2020-05-14;0,00433;43,3
2020-05-15;0,00425;42,5
2020-05-18;0,0045;45
2020-05-19;0,00489;48,9
2020-05-20;0,00503;50,3
2020-05-21;0,00512;51,2
2020-05-22;0,00509;50,9
2020-05-25;0,00507;50,7
2020-05-26;0,00543;54,3
2020-05-27;0,00548;54,8
2020-05-28;0,00563;56,3
2020-05-29;0,00596;59,6
2020-06-01;0,00605;60,5
2020-06-02;0,00614;61,4
2020-06-03;0,00624;62,4
2020-06-04;0,00655;65,5
2020-06-05;0,00689;68,9
2020-06-08;0,0069;69
2020-06-09;0,00685;68,5
2020-06-10;0,00657;65,7
2020-06-11;0,00615;61,5
2020-06-12;0,0061;61
2020-06-15;0,00609;60,9
2020-06-16;0,00626;62,6
2020-06-17;0,00625;62,5
2020-06-18;0,00654;65,4
2020-06-19;0,00659;65,9
2020-06-22;0,00652;65,2
2020-06-23;0,00684;68,4
2020-06-24;0,00691;69,1
2020-06-25;0,00669;66,9
2020-06-26;0,00668;66,8
2020-06-29;0,00671;67,1
2020-06-30;0,00675;67,5
2020-07-01;0,00686;68,6
2020-07-02;0,00678;67,8
2020-07-03;0,00677;67,7
2020-07-06;0,00681;68,1
2020-07-07;0,00639;63,9
2020-07-08;0,00667;66,7
2020-07-09;0,00646;64,6
2020-07-10;0,0063;63
2020-07-13;0,00656;65,6
2020-07-14;0,00681;68,1
2020-07-15;0,00693;69,3
2020-07-16;0,00687;68,7
2020-07-17;0,00702;70,2
2020-07-20;0,00723;72,3
2020-07-21;0,00759;75,9
2020-07-22;0,00763;76,3
2020-07-23;0,00766;76,6
2020-07-24;0,0077;77
2020-07-27;0,00775;77,5
2020-07-28;0,00771;77,1
2020-07-29;0,0079;79
2020-07-30;0,00773;77,3
2020-07-31;0,00785;78,5
2020-08-03;0,00776;77,6
2020-08-04;0,00767;76,7
2020-08-05;0,00774;77,4
2020-08-06;0,00755;75,5
2020-08-07;0,00777;77,7
2020-08-10;0,00808;80,8
2020-08-11;0,00824;82,4
2020-08-12;0,00826;82,6
2020-08-13;0,00828;82,8
2020-08-14;0,00809;80,9
2020-08-17;0,00792;79,2
2020-08-18;0,00763;76,3
2020-08-19;0,00762;76,2
2020-08-20;0,00753;75,3
2020-08-21;0,00739;73,9
2020-08-24;0,00768;76,8
2020-08-25;0,00783;78,3
2020-08-26;0,00801;80,1
2020-08-27;0,00801;80,1
2020-08-28;0,00793;79,3
2020-08-31;0,00788;78,8
2020-09-01;0,00766;76,6
2020-09-02;0,00748;74,8
2020-09-03;0,00728;72,8
2020-09-04;0,00726;72,6
2020-09-07;0,00678;67,8
2020-09-08;0,00624;62,4
2020-09-09;0,00652;65,2
2020-09-10;0,00661;66,1
2020-09-11;0,00668;66,8
2020-09-14;0,00668;66,8
2020-09-15;0,00659;65,9
2020-09-16;0,00679;67,9
2020-09-17;0,00675;67,5
2020-09-18;0,00664;66,4
2020-09-21;0,00616;61,6
2020-09-22;0,00626;62,6
2020-09-23;0,00623;62,3
2020-09-24;0,00608;60,8
2020-09-25;0,00596;59,6
2020-09-28;0,0058;58
2020-09-29;0,00571;57,1
2020-09-30;0,00577;57,7
2020-10-01;0,00572;57,2
2020-10-02;0,00579;57,9
2020-10-05;0,00609;60,9
2020-10-06;0,00632;63,2
2020-10-07;0,00643;64,3
2020-10-08;0,00661;66,1
2020-10-09;0,0067;67
2020-10-12;0,00663;66,3
2020-10-13;0,0065;65
2020-10-14;0,00647;64,7
2020-10-15;0,00634;63,4
2020-10-16;0,00643;64,3
2020-10-19;0,00654;65,4
2020-10-20;0,00664;66,4
2020-10-21;0,00673;67,3
2020-10-22;0,00674;67,4
2020-10-23;0,0069;69
2020-10-26;0,00685;68,5
2020-10-27;0,00657;65,7
2020-10-28;0,00609;60,9
2020-10-29;0,00604;60,4
2020-10-30;0,00598;59,8
2020-11-02;0,00566;56,6
2020-11-03;0,00582;58,2
2020-11-04;0,00573;57,3
2020-11-05;0,00586;58,6
2020-11-06;0,00598;59,8
2020-11-09;0,0069;69
2020-11-10;0,00725;72,5
2020-11-11;0,0074;74
2020-11-12;0,00735;73,5
2020-11-13;0,00723;72,3
2020-11-16;0,00739;73,9
2020-11-17;0,00707;70,7
2020-11-18;0,00698;69,8
2020-11-19;0,00694;69,4
2020-11-20;0,00698;69,8
2020-11-23;0,00721;72,1
2020-11-24;0,00759;75,9
2020-11-25;0,00756;75,6
2020-11-26;0,00754;75,4
2020-11-27;0,00761;76,1
2020-11-30;0,0078;78
2020-12-01;0,00825;82,5
2020-12-02;0,00849;84,9
2020-12-03;0,00864;86,4
2020-12-04;0,00867;86,7
2020-12-07;0,00876;87,6
2020-12-08;0,00872;87,2
2020-12-09;0,00859;85,9
2020-12-10;0,00837;83,7
2020-12-11;0,0081;81
2020-12-14;0,00822;82,2
2020-12-15;0,00833;83,3
2020-12-16;0,00839;83,9
2020-12-17;0,00844;84,4
2020-12-18;0,00831;83,1
2020-12-21;0,00791;79,1
2020-12-22;0,00803;80,3
2020-12-23;0,0084;84
2020-12-24;0,00841;84,1
2020-12-25;0,00841;84,1
2020-12-28;0,00855;85,5
2020-12-29;0,00864;86,4
2020-12-30;0,00861;86,1
2020-12-31;0,00861;86,1
2021-01-01;0,00861;86,1
2021-01-04;0,00851;85,1
2021-01-05;0,00851;85,1
2021-01-06;0,00878;87,8
2021-01-07;0,00893;89,3
2021-01-08;0,00906;90,6
2021-01-11;0,00914;91,4
2021-01-12;0,0094;94
2021-01-13;0,00936;93,6
2021-01-14;0,00921;92,1
2021-01-15;0,00949;94,9
2021-01-18;0,00952;95,2
2021-01-19;0,00953;95,3
2021-01-20;0,00961;96,1
2021-01-21;0,00955;95,5
2021-01-22;0,00936;93,6
2021-01-25;0,00914;91,4
2021-01-26;0,00909;90,9
2021-01-27;0,00904;90,4
2021-01-28;0,00919;91,9
2021-01-29;0,00947;94,7
2021-02-01;0,00975;97,5
2021-02-02;0,01005;100,5
2021-02-03;0,01025;102,5
2021-02-04;0,01006;100,6
2021-02-05;0,00983;98,3
2021-02-08;0,00984;98,4
2021-02-09;0,00973;97,3
2021-02-10;0,00973;97,3
2021-02-11;0,00965;96,5
2021-02-12;0,00982;98,2
2021-02-15;0,00977;97,7
2021-02-16;0,01006;100,6
2021-02-17;0,00988;98,8
2021-02-18;0,00956;95,6
2021-02-19;0,00912;91,2
2021-02-22;0,00938;93,8
2021-02-23;0,00963;96,3
2021-02-24;0,00973;97,3
2021-02-25;0,01;100
2021-02-26;0,00993;99,3
2021-03-01;0,01011;101,1
2021-03-02;0,01029;102,9
2021-03-03;0,01061;106,1
2021-03-04;0,01058;105,8
2021-03-05;0,01112;111,2
2021-03-08;0,01098;109,8
2021-03-09;0,01099;109,9
2021-03-10;0,01101;110,1
2021-03-11;0,0111;111
2021-03-12;0,0113;113
2021-03-15;0,01126;112,6
2021-03-16;0,01149;114,9
2021-03-17;0,01154;115,4
2021-03-18;0,01157;115,7
2021-03-19;0,01135;113,5
2021-03-22;0,01153;115,3
2021-03-23;0,01142;114,2
2021-03-24;0,0118;118
2021-03-25;0,01164;116,4
2021-03-26;0,01203;120,3
2021-03-29;0,01208;120,8
2021-03-30;0,01229;122,9
2021-03-31;0,01239;123,9
2021-04-01;0,01261;126,1
2021-04-02;0,01261;126,1
2021-04-05;0,01261;126,1
2021-04-06;0,01276;127,6
2021-04-07;0,01274;127,4
2021-04-08;0,01287;128,7
2021-04-09;0,01296;129,6
2021-04-12;0,01304;130,4
2021-04-13;0,01309;130,9
2021-04-14;0,01306;130,6
2021-04-15;0,01284;128,4
2021-04-16;0,01268;126,8
2021-04-19;0,01312;131,2
2021-04-20;0,01318;131,8
2021-04-21;0,01327;132,7
2021-04-22;0,01314;131,4
2021-04-23;0,01324;132,4
2021-04-26;0,01316;131,6
2021-04-27;0,01323;132,3
2021-04-28;0,01351;135,1
2021-04-29;0,01382;138,2
2021-04-30;0,01381;138,1
2021-05-03;0,01364;136,4
2021-05-04;0,01359;135,9
2021-05-05;0,01378;137,8
2021-05-06;0,01387;138,7
2021-05-07;0,01408;140,8
2021-05-10;0,0144;144
2021-05-11;0,01447;144,7
2021-05-12;0,01472;147,2
2021-05-13;0,01457;145,7
2021-05-14;0,01414;141,4
2021-05-17;0,01455;145,5
2021-05-18;0,01472;147,2
2021-05-19;0,01427;142,7
2021-05-20;0,01368;136,8
2021-05-21;0,01347;134,7
2021-05-24;0,01355;135,5
2021-05-25;0,01362;136,2
2021-05-26;0,01327;132,7
2021-05-27;0,01314;131,4
2021-05-28;0,0136;136
2021-05-31;0,0137;137
2021-06-01;0,01372;137,2
2021-06-02;0,01333;133,3
2021-06-03;0,01363;136,3
2021-06-04;0,01372;137,2
2021-06-07;0,01391;139,1
2021-06-08;0,01369;136,9
2021-06-09;0,01371;137,1
2021-06-10;0,01388;138,8
2021-06-11;0,01397;139,7
2021-06-14;0,01399;139,9
2021-06-15;0,01391;139,1
2021-06-16;0,01378;137,8
2021-06-17;0,01333;133,3
2021-06-18;0,013;130
2021-06-21;0,01296;129,6
2021-06-22;0,01332;133,2
2021-06-23;0,01331;133,1
2021-06-24;0,01326;132,6
2021-06-25;0,01337;133,7
2021-06-28;0,01333;133,3
2021-06-29;0,01348;134,8
2021-06-30;0,01347;134,7
2021-07-01;0,01358;135,8
2021-07-02;0,0137;137
2021-07-05;0,01382;138,2
2021-07-06;0,01379;137,9
2021-07-07;0,01338;133,8
2021-07-08;0,013;130
2021-07-09;0,01324;132,4
2021-07-12;0,01307;130,7
2021-07-13;0,01314;131,4
2021-07-14;0,01311;131,1
2021-07-15;0,01307;130,7
2021-07-16;0,01312;131,2
2021-07-19;0,01274;127,4
2021-07-20;0,0127;127
2021-07-21;0,01298;129,8
2021-07-22;0,01288;128,8
2021-07-23;0,013;130
2021-07-26;0,01315;131,5
2021-07-27;0,01337;133,7
2021-07-28;0,0135;135
2021-07-29;0,01394;139,4
2021-07-30;0,01409;140,9
2021-08-02;0,01417;141,7
2021-08-03;0,0141;141
2021-08-04;0,01399;139,9
2021-08-05;0,01381;138,1
2021-08-06;0,01388;138,8
2021-08-09;0,01378;137,8
2021-08-10;0,01398;139,8
2021-08-11;0,01408;140,8
2021-08-12;0,0142;142
2021-08-13;0,01418;141,8
2021-08-16;0,01413;141,3
2021-08-17;0,01415;141,5
2021-08-18;0,01409;140,9
2021-08-19;0,01383;138,3
2021-08-20;0,01373;137,3
2021-08-23;0,01384;138,4
2021-08-24;0,01401;140,1
2021-08-25;0,01419;141,9
2021-08-26;0,01406;140,6
2021-08-27;0,01411;141,1
2021-08-30;0,01413;141,3
2021-08-31;0,01412;141,2
2021-09-01;0,01404;140,4
2021-09-02;0,0142;142
2021-09-03;0,0145;145
2021-09-06;0,01506;150,6
2021-09-07;0,01504;150,4
2021-09-08;0,01516;151,6
2021-09-09;0,01524;152,4
2021-09-10;0,0156;156
2021-09-13;0,01581;158,1
2021-09-14;0,01542;154,2
2021-09-15;0,01538;153,8
2021-09-16;0,01543;154,3
2021-09-17;0,01563;156,3
2021-09-20;0,01535;153,5
2021-09-21;0,01547;154,7
2021-09-22;0,01553;155,3
2021-09-23;0,01566;156,6
2021-09-24;0,01552;155,2
2021-09-27;0,01596;159,6
2021-09-28;0,0163;163
2021-09-29;0,01598;159,8
2021-09-30;0,01583;158,3
2021-10-01;0,01597;159,7
2021-10-04;0,01613;161,3
2021-10-05;0,01708;170,8
2021-10-06;0,01665;166,5
2021-10-07;0,01632;163,2
2021-10-08;0,01642;164,2
2021-10-11;0,01655;165,5
2021-10-12;0,01664;166,4
2021-10-13;0,01649;164,9
2021-10-14;0,01626;162,6
2021-10-15;0,01661;166,1
2021-10-18;0,01699;169,9
2021-10-19;0,01693;169,3
2021-10-20;0,01672;167,2
2021-10-21;0,01726;172,6
2021-10-22;0,01765;176,5
2021-10-25;0,01785;178,5
2021-10-26;0,01818;181,8
2021-10-27;0,01799;179,9
2021-10-28;0,01739;173,9
2021-10-29;0,01616;161,6
2021-11-01;0,01634;163,4
2021-11-02;0,01601;160,1
2021-11-03;0,01556;155,6
2021-11-04;0,01568;156,8
2021-11-05;0,01602;160,2
2021-11-08;0,01649;164,9
2021-11-09;0,01636;163,6
2021-11-10;0,01643;164,3
2021-11-11;0,01653;165,3
2021-11-12;0,01627;162,7
2021-11-15;0,01633;163,3
2021-11-16;0,01669;166,9
2021-11-17;0,01679;167,9
2021-11-18;0,01643;164,3
2021-11-19;0,01593;159,3
2021-11-22;0,01575;157,5
2021-11-23;0,01548;154,8
2021-11-24;0,01531;153,1
2021-11-25;0,01569;156,9
2021-11-26;0,01489;148,9
2021-11-29;0,01528;152,8
2021-11-30;0,01541;154,1
2021-12-01;0,01545;154,5
2021-12-02;0,01516;151,6
2021-12-03;0,01541;154,1
2021-12-06;0,01528;152,8
2021-12-07;0,01564;156,4
2021-12-08;0,0156;156
2021-12-09;0,0158;158
2021-12-10;0,01594;159,4
2021-12-13;0,01608;160,8
2021-12-14;0,01599;159,9
2021-12-15;0,01596;159,6
2021-12-16;0,01622;162,2
2021-12-17;0,01619;161,9
2021-12-20;0,01617;161,7
2021-12-21;0,01663;166,3
2021-12-22;0,01726;172,6
2021-12-23;0,01734;173,4
2021-12-24;0,01736;173,6
2021-12-27;0,01719;171,9
2021-12-28;0,01723;172,3
2021-12-29;0,01731;173,1
2021-12-30;0,01757;175,7
2021-12-31;0,01759;175,9
2022-01-03;0,01756;175,6
2022-01-04;0,018;180
2022-01-05;0,0177;177
2022-01-06;0,01725;172,5
2022-01-07;0,0175;175
2022-01-10;0,01747;174,7
2022-01-11;0,01753;175,3
2022-01-12;0,01744;174,4
2022-01-13;0,01722;172,2
2022-01-14;0,01722;172,2
2022-01-17;0,01727;172,7
2022-01-18;0,01745;174,5
2022-01-19;0,01741;174,1
2022-01-20;0,01732;173,2
2022-01-21;0,01717;171,7
2022-01-24;0,01717;171,7
2022-01-25;0,01748;174,8
2022-01-26;0,01781;178,1
2022-01-27;0,01817;181,7
2022-01-28;0,01851;185,1
2022-01-31;0,01935;193,5
2022-02-01;0,01923;192,3
2022-02-02;0,01923;192,3
2022-02-03;0,01898;189,8
2022-02-04;0,01903;190,3
2022-02-07;0,01896;189,6
2022-02-08;0,01906;190,6
2022-02-09;0,01894;189,4
2022-02-10;0,01894;189,4
2022-02-11;0,01906;190,6
2022-02-14;0,01921;192,1
2022-02-15;0,01908;190,8
2022-02-16;0,01919;191,9
2022-02-17;0,01908;190,8
2022-02-18;0,01923;192,3
2022-02-21;0,01931;193,1
2022-02-22;0,0197;197
2022-02-23;0,02022;202,2
2022-02-24;0,02141;214,1
2022-02-25;0,02059;205,9
2022-02-28;0,02106;210,6
2022-03-01;0,02213;221,3
2022-03-02;0,02328;232,8
2022-03-03;0,02321;232,1
2022-03-04;0,02357;235,7
2022-03-07;0,02544;254,4
2022-03-08;0,02584;258,4
2022-03-09;0,02421;242,1
2022-03-10;0,02327;232,7
2022-03-11;0,02395;239,5
2022-03-14;0,02412;241,2
2022-03-15;0,02349;234,9
2022-03-16;0,02306;230,6
2022-03-17;0,02346;234,6
2022-03-18;0,02378;237,8
2022-03-21;0,02413;241,3
2022-03-22;0,0249;249
2022-03-23;0,02549;254,9
2022-03-24;0,0262;262
2022-03-25;0,02621;262,1
2022-03-28;0,02635;263,5
2022-03-29;0,02669;266,9
2022-03-30;0,0273;273
2022-03-31;0,02652;265,2
2022-04-01;0,02664;266,4
2022-04-04;0,02699;269,9
2022-04-05;0,02773;277,3
2022-04-06;0,02814;281,4
2022-04-07;0,02805;280,5
2022-04-08;0,02824;282,4
2022-04-11;0,02839;283,9
2022-04-12;0,02851;285,1
2022-04-13;0,02835;283,5
2022-04-14;0,0286;286
2022-04-15;0,0286;286
2022-04-18;0,0286;286
2022-04-19;0,02882;288,2
2022-04-20;0,0288;288
2022-04-21;0,02872;287,2
2022-04-22;0,02873;287,3
2022-04-25;0,02803;280,3
2022-04-26;0,02768;276,8
2022-04-27;0,02797;279,7
2022-04-28;0,02919;291,9
2022-04-29;0,03017;301,7
2022-05-02;0,0302;302
2022-05-03;0,03011;301,1
2022-05-04;0,03037;303,7
2022-05-05;0,03067;306,7
2022-05-06;0,03037;303,7
2022-05-09;0,02988;298,8
2022-05-10;0,02894;289,4
2022-05-11;0,02899;289,9
2022-05-12;0,02818;281,8
2022-05-13;0,02836;283,6
2022-05-16;0,02893;289,3
2022-05-17;0,02958;295,8
2022-05-18;0,02889;288,9
2022-05-19;0,02796;279,6
2022-05-20;0,0277;277
2022-05-23;0,02745;274,5
2022-05-24;0,02719;271,9
2022-05-25;0,0269;269
2022-05-26;0,02671;267,1
2022-05-27;0,02662;266,2
2022-05-30;0,02713;271,3
2022-05-31;0,02751;275,1
2022-06-01;0,02756;275,6
2022-06-02;0,02763;276,3
2022-06-03;0,02575;257,5
2022-06-06;0,02599;259,9
2022-06-07;0,02602;260,2
2022-06-08;0,02644;264,4
2022-06-09;0,02638;263,8
2022-06-10;0,02553;255,3
2022-06-13;0,02502;250,2
2022-06-14;0,02432;243,2
2022-06-15;0,0242;242
2022-06-16;0,02389;238,9
2022-06-17;0,02358;235,8
2022-06-20;0,02354;235,4
2022-06-21;0,02434;243,4
2022-06-22;0,02424;242,4
2022-06-23;0,0237;237
2022-06-24;0,0243;243
2022-06-27;0,02493;249,3
2022-06-28;0,02449;244,9
2022-06-29;0,02423;242,3
2022-06-30;0,02342;234,2
2022-07-01;0,02348;234,8
2022-07-04;0,02375;237,5
2022-07-05;0,02381;238,1
2022-07-06;0,02324;232,4
2022-07-07;0,02351;235,1
2022-07-08;0,02335;233,5
2022-07-11;0,0233;233
2022-07-12;0,02319;231,9
2022-07-13;0,02342;234,2
2022-07-14;0,02358;235,8
2022-07-15;0,02351;235,1
2022-07-18;0,02348;234,8
2022-07-19;0,02355;235,5
2022-07-20;0,02342;234,2
2022-07-21;0,02308;230,8
2022-07-22;0,02291;229,1
2022-07-25;0,02323;232,3
2022-07-26;0,02371;237,1
2022-07-27;0,02389;238,9
2022-07-28;0,02391;239,1
2022-07-29;0,0242;242
2022-08-01;0,02397;239,7
2022-08-02;0,02388;238,8
2022-08-03;0,02356;235,6
2022-08-04;0,0233;233
2022-08-05;0,02364;236,4
2022-08-08;0,02376;237,6
2022-08-09;0,02397;239,7
2022-08-10;0,02375;237,5
2022-08-11;0,02401;240,1
2022-08-12;0,02394;239,4
2022-08-15;0,0235;235
2022-08-16;0,02381;238,1
2022-08-17;0,0242;242
2022-08-18;0,02426;242,6
2022-08-19;0,02455;245,5
2022-08-22;0,02488;248,8
2022-08-23;0,02457;245,7
2022-08-24;0,02418;241,8
2022-08-25;0,02409;240,9
2022-08-26;0,02425;242,5
2022-08-29;0,02414;241,4
2022-08-30;0,02424;242,4
2022-08-31;0,02387;238,7
2022-09-01;0,02387;238,7
2022-09-02;0,02324;232,4
2022-09-05;0,02392;239,2
2022-09-06;0,02413;241,3
2022-09-07;0,02424;242,4
2022-09-08;0,02497;249,7
2022-09-09;0,02478;247,8
2022-09-12;0,02452;245,2
2022-09-13;0,0248;248
2022-09-14;0,02571;257,1
2022-09-15;0,02628;262,8
2022-09-16;0,02617;261,7
2022-09-19;0,02602;260,2
2022-09-20;0,02675;267,5
2022-09-21;0,02666;266,6
2022-09-22;0,02723;272,3
2022-09-23;0,02694;269,4
2022-09-26;0,02637;263,7
2022-09-27;0,02586;258,6
2022-09-28;0,02511;251,1
2022-09-29;0,02461;246,1
2022-09-30;0,02419;241,9
2022-10-03;0,024;240
2022-10-04;0,02456;245,6
2022-10-05;0,025;250
2022-10-06;0,02497;249,7
2022-10-07;0,02502;250,2
2022-10-10;0,02491;249,1
2022-10-11;0,02539;253,9
2022-10-12;0,02568;256,8
2022-10-13;0,02556;255,6
2022-10-14;0,02512;251,2
2022-10-17;0,0253;253
2022-10-18;0,02524;252,4
2022-10-19;0,02552;255,2
2022-10-20;0,0259;259
2022-10-21;0,02652;265,2
2022-10-24;0,02672;267,2
2022-10-25;0,02688;268,8
2022-10-26;0,02663;266,3
2022-10-27;0,02685;268,5
2022-10-28;0,02736;273,6
2022-10-31;0,02732;273,2
2022-11-01;0,02749;274,9
2022-11-02;0,02749;274,9
2022-11-03;0,02737;273,7
2022-11-04;0,02771;277,1
2022-11-07;0,02788;278,8
2022-11-08;0,02774;277,4
2022-11-09;0,02733;273,3
2022-11-10;0,02695;269,5
2022-11-11;0,02765;276,5
2022-11-14;0,02726;272,6
2022-11-15;0,02701;270,1
2022-11-16;0,02716;271,6
2022-11-17;0,0272;272
2022-11-18;0,0273;273
2022-11-21;0,02734;273,4
2022-11-22;0,02764;276,4
2022-11-23;0,02772;277,2
2022-11-24;0,02748;274,8
2022-11-25;0,02761;276,1
2022-11-28;0,02768;276,8
2022-11-29;0,02767;276,7
2022-11-30;0,02817;281,7
2022-12-01;0,02826;282,6
2022-12-02;0,0288;288
2022-12-05;0,02892;289,2
2022-12-06;0,02832;283,2
2022-12-07;0,02832;283,2
2022-12-08;0,02841;284,1
2022-12-09;0,02845;284,5
2022-12-12;0,02843;284,3
2022-12-13;0,02779;277,9
2022-12-14;0,02756;275,6
2022-12-15;0,0273;273
2022-12-16;0,02685;268,5
2022-12-19;0,02679;267,9
2022-12-20;0,02702;270,2
2022-12-21;0,02711;271,1
2022-12-22;0,02753;275,3
2022-12-23;0,0279;279
2022-12-26;0,0279;279
2022-12-27;0,02787;278,7
2022-12-28;0,02813;281,3
2022-12-29;0,02848;284,8
2022-12-30;0,0283;283
2023-01-02;0,02831;283,1
2023-01-03;0,02813;281,3
2023-01-04;0,02723;272,3
2023-01-05;0,02616;261,6
2023-01-06;0,02599;259,9
2023-01-09;0,02587;258,7
2023-01-10;0,02589;258,9
2023-01-11;0,02575;257,5
2023-01-12;0,02549;254,9
2023-01-13;0,02525;252,5
2023-01-16;0,02495;249,5
2023-01-17;0,02468;246,8
2023-01-18;0,02454;245,4
2023-01-19;0,02426;242,6
2023-01-20;0,02428;242,8
2023-01-23;0,02481;248,1
2023-01-24;0,02482;248,2
2023-01-25;0,02466;246,6
2023-01-26;0,02506;250,6
2023-01-27;0,02507;250,7
2023-01-30;0,02531;253,1
2023-01-31;0,02519;251,9
2023-02-01;0,02536;253,6
2023-02-02;0,02528;252,8
2023-02-03;0,02545;254,5
2023-02-06;0,02544;254,4
2023-02-07;0,02563;256,3
2023-02-08;0,02582;258,2
2023-02-09;0,0258;258
2023-02-10;0,02629;262,9
2023-02-13;0,02628;262,8
2023-02-14;0,02632;263,2
2023-02-15;0,02635;263,5
2023-02-16;0,02679;267,9
2023-02-17;0,02648;264,8
2023-02-20;0,02672;267,2
2023-02-21;0,02708;270,8
2023-02-22;0,02719;271,9
2023-02-23;0,02757;275,7
2023-02-24;0,02769;276,9
2023-02-27;0,02777;277,7
2023-02-28;0,02807;280,7
2023-03-01;0,02816;281,6
2023-03-02;0,02844;284,4
2023-03-03;0,02889;288,9
2023-03-06;0,02846;284,6
2023-03-07;0,02761;276,1
2023-03-08;0,02696;269,6
2023-03-09;0,02724;272,4
2023-03-10;0,02643;264,3
2023-03-13;0,02618;261,8
2023-03-14;0,02688;268,8
2023-03-15;0,02589;258,9
2023-03-16;0,02615;261,5
2023-03-17;0,02522;252,2
2023-03-20;0,02497;249,7
2023-03-21;0,02574;257,4
2023-03-22;0,02617;261,7
2023-03-23;0,0262;262
2023-03-24;0,02592;259,2
2023-03-27;0,02632;263,2
2023-03-28;0,02665;266,5
2023-03-29;0,02718;271,8
2023-03-30;0,02758;275,8
2023-03-31;0,02734;273,4
2023-04-03;0,02729;272,9
2023-04-04;0,02718;271,8
2023-04-05;0,02656;265,6
2023-04-06;0,02641;264,1
2023-04-07;0,02641;264,1
2023-04-10;0,02641;264,1
2023-04-11;0,02673;267,3
2023-04-12;0,02717;271,7
2023-04-13;0,02753;275,3
2023-04-14;0,02767;276,7
2023-04-17;0,02804;280,4
2023-04-18;0,02796;279,6
2023-04-19;0,02795;279,5
2023-04-20;0,02777;277,7
2023-04-21;0,02774;277,4
2023-04-24;0,02792;279,2
2023-04-25;0,02756;275,6
2023-04-26;0,02751;275,1
2023-04-27;0,02761;276,1
2023-04-28;0,02761;276,1
2023-05-01;0,02761;276,1
2023-05-02;0,02775;277,5
2023-05-03;0,02683;268,3
2023-05-04;0,0265;265
2023-05-05;0,02689;268,9
2023-05-08;0,02703;270,3
2023-05-09;0,02723;272,3
2023-05-10;0,02728;272,8
2023-05-11;0,02675;267,5
2023-05-12;0,02636;263,6
2023-05-15;0,02627;262,7
2023-05-16;0,02618;261,8
2023-05-17;0,02609;260,9
2023-05-18;0,02648;264,8
2023-05-19;0,02646;264,6
2023-05-22;0,02647;264,7
2023-05-23;0,02702;270,2
2023-05-24;0,02751;275,1
2023-05-25;0,02753;275,3
2023-05-26;0,02758;275,8
2023-05-29;0,02751;275,1
2023-05-30;0,02709;270,9
2023-05-31;0,02664;266,4
2023-06-01;0,02651;265,1
2023-06-02;0,02664;266,4
2023-06-05;0,02707;270,7
2023-06-06;0,02667;266,7
2023-06-07;0,02687;268,7
2023-06-08;0,02687;268,7
2023-06-09;0,02677;267,7
2023-06-12;0,02618;261,8
2023-06-13;0,02571;257,1
2023-06-14;0,02597;259,7
2023-06-15;0,02632;263,2
2023-06-16;0,02652;265,2
2023-06-19;0,02667;266,7
2023-06-20;0,02675;267,5
2023-06-21;0,02665;266,5
2023-06-22;0,02668;266,8
2023-06-23;0,02661;266,1
2023-06-26;0,02657;265,7
2023-06-27;0,02664;266,4
2023-06-28;0,02616;261,6
2023-06-29;0,02622;262,2
2023-06-30;0,0263;263
2023-07-03;0,0261;261
2023-07-04;0,02627;262,7
2023-07-05;0,02625;262,5
2023-07-06;0,02642;264,2
2023-07-07;0,02641;264,1
2023-07-10;0,02663;266,3
2023-07-11;0,02677;267,7
2023-07-12;0,02656;265,6
2023-07-13;0,02589;258,9
2023-07-14;0,02531;253,1
2023-07-17;0,0253;253
2023-07-18;0,02548;254,8
2023-07-19;0,02548;254,8
2023-07-20;0,02576;257,6
2023-07-21;0,02586;258,6
2023-07-24;0,02578;257,8
2023-07-25;0,02601;260,1
2023-07-26;0,02608;260,8
2023-07-27;0,02611;261,1
2023-07-28;0,02639;263,9
2023-07-31;0,02642;264,2
2023-08-01;0,02637;263,7
2023-08-02;0,02641;264,1
2023-08-03;0,02637;263,7
2023-08-04;0,0265;265
2023-08-07;0,0268;268
2023-08-08;0,02651;265,1
2023-08-09;0,02644;264,4
2023-08-10;0,02652;265,2
2023-08-11;0,02686;268,6
2023-08-14;0,02708;270,8
2023-08-15;0,02713;271,3
2023-08-16;0,02696;269,6
2023-08-17;0,02691;269,1
2023-08-18;0,0268;268
2023-08-21;0,02697;269,7
2023-08-22;0,02707;270,7
2023-08-23;0,02678;267,8
2023-08-24;0,02653;265,3
2023-08-25;0,02647;264,7
2023-08-28;0,02674;267,4
2023-08-29;0,02673;267,3
2023-08-30;0,02683;268,3
2023-08-31;0,02642;264,2
2023-09-01;0,02646;264,6
2023-09-04;0,02659;265,9
2023-09-05;0,02662;266,2
2023-09-06;0,02687;268,7
2023-09-07;0,02681;268,1
2023-09-08;0,02685;268,5
2023-09-11;0,02698;269,8
2023-09-12;0,02709;270,9
2023-09-13;0,0271;271
2023-09-14;0,02678;267,8
2023-09-15;0,02683;268,3
2023-09-18;0,02695;269,5
2023-09-19;0,02693;269,3
2023-09-20;0,02652;265,2
2023-09-21;0,02672;267,2
2023-09-22;0,02678;267,8
2023-09-25;0,02672;267,2
2023-09-26;0,02639;263,9
2023-09-27;0,02636;263,6
2023-09-28;0,02627;262,7
2023-09-29;0,02558;255,8
2023-10-02;0,02492;249,2
2023-10-03;0,02515;251,5
2023-10-04;0,02487;248,7
2023-10-05;0,0248;248
2023-10-06;0,02477;247,7
2023-10-09;0,02506;250,6
2023-10-10;0,02484;248,4
2023-10-11;0,02451;245,1
2023-10-12;0,02448;244,8
2023-10-13;0,02451;245,1
2023-10-16;0,02458;245,8
2023-10-17;0,02502;250,2
2023-10-18;0,02527;252,7
2023-10-19;0,02507;250,7
2023-10-20;0,02513;251,3
2023-10-23;0,02468;246,8
2023-10-24;0,02436;243,6
2023-10-25;0,02439;243,9
2023-10-26;0,02454;245,4
2023-10-27;0,0245;245
2023-10-30;0,02444;244,4
2023-10-31;0,02459;245,9
2023-11-01;0,02443;244,3
2023-11-02;0,02435;243,5
2023-11-03;0,02435;243,5
2023-11-06;0,02422;242,2
2023-11-07;0,02389;238,9
2023-11-08;0,02376;237,6
2023-11-09;0,0239;239
2023-11-10;0,02411;241,1
2023-11-13;0,02429;242,9
2023-11-14;0,02417;241,7
2023-11-15;0,02407;240,7
2023-11-16;0,02378;237,8
2023-11-17;0,02386;238,6
2023-11-20;0,02425;242,5
2023-11-21;0,024;240
2023-11-22;0,02379;237,9
2023-11-23;0,02416;241,6
2023-11-24;0,02423;242,3
2023-11-27;0,02407;240,7
2023-11-28;0,02375;237,5
2023-11-29;0,02329;232,9
2023-11-30;0,02365;236,5
2023-12-01;0,02349;234,9
2023-12-04;0,02332;233,2
2023-12-05;0,0232;232
2023-12-06;0,02293;229,3
2023-12-07;0,02261;226,1
2023-12-08;0,02251;225,1
2023-12-11;0,02248;224,8
2023-12-12;0,02214;221,4
2023-12-13;0,02199;219,9
2023-12-14;0,02202;220,2
2023-12-15;0,02173;217,3
2023-12-18;0,02167;216,7
2023-12-19;0,02163;216,3
2023-12-20;0,0217;217
2023-12-21;0,02171;217,1
2023-12-22;0,02166;216,6
2023-12-25;0,02166;216,6
2023-12-26;0,02166;216,6
2023-12-27;0,02168;216,8
2023-12-28;0,02166;216,6
2023-12-29;0,02179;217,9
2024-01-01;0,02179;217,9
2024-01-02;0,02178;217,8
2024-01-03;0,02157;215,7
2024-01-04;0,02156;215,6
2024-01-05;0,02167;216,7
2024-01-08;0,02213;221,3
2024-01-09;0,02245;224,5
2024-01-10;0,02212;221,2
2024-01-11;0,02185;218,5
2024-01-12;0,02178;217,8
2024-01-15;0,02168;216,8
2024-01-16;0,02174;217,4
2024-01-17;0,02188;218,8
2024-01-18;0,02213;221,3
2024-01-19;0,02216;221,6
2024-01-22;0,02215;221,5
2024-01-23;0,02196;219,6
2024-01-24;0,02198;219,8
2024-01-25;0,02203;220,3
2024-01-26;0,02207;220,7
2024-01-29;0,0221;221
2024-01-30;0,02224;222,4
2024-01-31;0,02191;219,1
2024-02-01;0,02193;219,3
2024-02-02;0,02197;219,7
2024-02-05;0,02228;222,8
2024-02-06;0,02246;224,6
2024-02-07;0,02255;225,5
2024-02-08;0,02291;229,1
2024-02-09;0,02298;229,8
2024-02-12;0,02287;228,7
2024-02-13;0,02298;229,8
2024-02-14;0,02293;229,3
2024-02-15;0,02285;228,5
2024-02-16;0,02299;229,9
2024-02-19;0,02298;229,8
2024-02-20;0,02273;227,3
2024-02-21;0,02261;226,1
2024-02-22;0,02266;226,6
2024-02-23;0,02256;225,6
2024-02-26;0,02258;225,8
2024-02-27;0,02261;226,1
2024-02-28;0,02281;228,1
2024-02-29;0,02294;229,4
2024-03-01;0,02307;230,7
2024-03-04;0,02282;228,2
2024-03-05;0,02279;227,9
2024-03-06;0,0228;228
2024-03-07;0,02257;225,7
2024-03-08;0,02235;223,5
2024-03-11;0,02235;223,5
2024-03-12;0,02241;224,1
2024-03-13;0,02243;224,3
2024-03-14;0,02291;229,1
2024-03-15;0,02268;226,8
2024-03-18;0,0229;229
2024-03-19;0,02281;228,1
2024-03-20;0,02269;226,9
2024-03-21;0,02268;226,8
2024-03-22;0,02262;226,2
2024-03-25;0,02291;229,1
2024-03-26;0,02296;229,6
2024-03-27;0,02298;229,8
2024-03-28;0,02291;229,1
2024-03-29;0,02291;229,1
2024-04-01;0,02291;229,1
2024-04-02;0,02288;228,8
2024-04-03;0,02298;229,8
2024-04-04;0,02268;226,8
2024-04-05;0,02285;228,5
2024-04-08;0,02287;228,7
2024-04-09;0,02259;225,9
2024-04-10;0,02285;228,5
2024-04-11;0,02311;231,1
2024-04-12;0,02304;230,4
2024-04-15;0,02309;230,9
2024-04-16;0,02345;234,5
2024-04-17;0,02326;232,6
2024-04-18;0,02317;231,7
2024-04-19;0,02305;230,5
2024-04-22;0,02282;228,2
2024-04-23;0,02286;228,6
2024-04-24;0,02308;230,8
2024-04-25;0,02316;231,6
2024-04-26;0,02308;230,8
2024-04-29;0,02278;227,8
2024-04-30;0,02317;231,7
2024-05-01;0,02317;231,7
2024-05-02;0,02308;230,8
2024-05-03;0,02299;229,9
2024-05-06;0,02278;227,8
2024-05-07;0,02263;226,3
2024-05-08;0,02272;227,2
2024-05-09;0,02284;228,4
2024-05-10;0,02275;227,5
2024-05-13;0,02275;227,5
2024-05-14;0,02286;228,6
2024-05-15;0,02248;224,8
2024-05-16;0,02266;226,6
2024-05-17;0,02275;227,5
2024-05-20;0,02246;224,6
2024-05-21;0,02245;224,5
2024-05-22;0,02282;228,2
2024-05-23;0,02304;230,4
2024-05-24;0,0228;228
2024-05-27;0,02273;227,3
2024-05-28;0,02279;227,9
2024-05-29;0,02311;231,1
2024-05-30;0,02322;232,2
2024-05-31;0,0232;232
2024-06-03;0,0232;232
2024-06-04;0,02251;225,1
2024-06-05;0,02245;224,5
2024-06-06;0,02261;226,1
2024-06-07;0,02284;228,4
2024-06-10;0,02317;231,7
2024-06-11;0,02283;228,3
2024-06-12;0,02272;227,2
2024-06-13;0,02263;226,3
2024-06-14;0,0223;223
2024-06-17;0,0224;224
2024-06-18;0,02263;226,3
2024-06-19;0,02248;224,8
2024-06-20;0,02217;221,7
2024-06-21;0,02194;219,4
2024-06-24;0,02189;218,9
2024-06-25;0,02156;215,6
2024-06-26;0,02178;217,8
2024-06-27;0,02199;219,9
2024-06-28;0,02217;221,7
2024-07-01;0,02232;223,2
2024-07-02;0,02233;223,3
2024-07-03;0,02235;223,5
2024-07-04;0,02241;224,1
2024-07-05;0,02252;225,2
2024-07-08;0,02248;224,8
2024-07-09;0,0223;223
2024-07-10;0,02215;221,5
2024-07-11;0,02202;220,2
2024-07-12;0,02195;219,5
2024-07-15;0,02191;219,1
2024-07-16;0,02184;218,4
2024-07-17;0,02189;218,9
2024-07-18;0,02199;219,9
2024-07-19;0,02186;218,6
2024-07-22;0,02178;217,8
2024-07-23;0,02148;214,8
2024-07-24;0,02156;215,6
2024-07-25;0,02135;213,5
2024-07-26;0,02133;213,3
2024-07-29;0,02127;212,7
2024-07-30;0,02125;212,5
2024-07-31;0,02113;211,3
2024-08-01;0,02114;211,4
2024-08-02;0,02047;204,7
2024-08-05;0,02001;200,1
2024-08-06;0,02032;203,2
2024-08-07;0,02064;206,4
2024-08-08;0,02046;204,6
2024-08-09;0,02015;201,5
2024-08-12;0,02038;203,8
2024-08-13;0,02004;200,4
2024-08-14;0,01995;199,5
2024-08-15;0,02018;201,8
2024-08-16;0,0202;202
2024-08-19;0,0201;201
2024-08-20;0,02;200
2024-08-21;0,01989;198,9
2024-08-22;0,02009;200,9
2024-08-23;0,02036;203,6
2024-08-26;0,02073;207,3
2024-08-27;0,02057;205,7
2024-08-28;0,02047;204,7
2024-08-29;0,02026;202,6
2024-08-30;0,02022;202,2
2024-09-02;0,02037;203,7
2024-09-03;0,02039;203,9
2024-09-04;0,02001;200,1
2024-09-05;0,01994;199,4
2024-09-06;0,01998;199,8
2024-09-09;0,01989;198,9
2024-09-10;0,01962;196,2
2024-09-11;0,01926;192,6
2024-09-12;0,01934;193,4
2024-09-13;0,01945;194,5
2024-09-16;0,01947;194,7
2024-09-17;0,01966;196,6
2024-09-18;0,01978;197,8
2024-09-19;0,01953;195,3
2024-09-20;0,01953;195,3
2024-09-23;0,01932;193,2
2024-09-24;0,01956;195,6
2024-09-25;0,01964;196,4
2024-09-26;0,01976;197,6
2024-09-27;0,01941;194,1
2024-09-30;0,01953;195,3
2024-10-01;0,01925;192,5
2024-10-02;0,0196;196
2024-10-03;0,02001;200,1
2024-10-04;0,02021;202,1
2024-10-07;0,02043;204,3
2024-10-08;0,02018;201,8
2024-10-09;0,02027;202,7
2024-10-10;0,0209;209
2024-10-11;0,02107;210,7
2024-10-14;0,02094;209,4
2024-10-15;0,02028;202,8
2024-10-16;0,02003;200,3
2024-10-17;0,02001;200,1
2024-10-18;0,01974;197,4
2024-10-21;0,02004;200,4
2024-10-22;0,0204;204
2024-10-23;0,02036;203,6
2024-10-24;0,01992;199,2
2024-10-25;0,0198;198
2024-10-28;0,01949;194,9
2024-10-29;0,01949;194,9
2024-10-30;0,01986;198,6
2024-10-31;0,02008;200,8
2024-11-01;0,02026;202,6
2024-11-04;0,02032;203,2
2024-11-05;0,02058;205,8
2024-11-06;0,02079;207,9
2024-11-07;0,02093;209,3
2024-11-08;0,02061;206,1
2024-11-11;0,02046;204,6
2024-11-12;0,0204;204
2024-11-13;0,02058;205,8
2024-11-14;0,02052;205,2
2024-11-15;0,02023;202,3
2024-11-18;0,02044;204,4
2024-11-19;0,02024;202,4
2024-11-20;0,02001;200,1
2024-11-21;0,02017;201,7
2024-11-22;0,02006;200,6
2024-11-25;0,01998;199,8
2024-11-26;0,01993;199,3
2024-11-27;0,01955;195,5
2024-11-28;0,01952;195,2
2024-11-29;0,01947;194,7
2024-12-02;0,01914;191,4
2024-12-03;0,01901;190,1
2024-12-04;0,01921;192,1
2024-12-05;0,01933;193,3
2024-12-06;0,01927;192,7
2024-12-09;0,01945;194,5
2024-12-10;0,01968;196,8
2024-12-11;0,01985;198,5
2024-12-12;0,02011;201,1
2024-12-13;0,02028;202,8
2024-12-16;0,02017;201,7
2024-12-17;0,01997;199,7
2024-12-18;0,02004;200,4
2024-12-19;0,01996;199,6
2024-12-20;0,01989;198,9
2024-12-23;0,01986;198,6
2024-12-24;0,01987;198,7
2024-12-25;0,01987;198,7
2024-12-26;0,01987;198,7
2024-12-27;0,0199;199
2024-12-30;0,01974;197,4
2024-12-31;0,01974;197,4
2025-01-01;0,01974;197,4
2025-01-02;0,01991;199,1
2025-01-03;0,02009;200,9
2025-01-06;0,02042;204,2
2025-01-07;0,02033;203,3
2025-01-08;0,02052;205,2
2025-01-09;0,02049;204,9
2025-01-10;0,02071;207,1
2025-01-13;0,02091;209,1
2025-01-14;0,02093;209,3
2025-01-15;0,02055;205,5
2025-01-16;0,0204;204
2025-01-17;0,02029;202,9
2025-01-20;0,02029;202,9
2025-01-21;0,02009;200,9
2025-01-22;0,0201;201
2025-01-23;0,02042;204,2
2025-01-24;0,02056;205,6
2025-01-27;0,02023;202,3
2025-01-28;0,02038;203,8
2025-01-29;0,02033;203,3
2025-01-30;0,02026;202,6
2025-01-31;0,01992;199,2
2025-02-03;0,01988;198,8
2025-02-04;0,01977;197,7
2025-02-05;0,01949;194,9
2025-02-06;0,01954;195,4
2025-02-07;0,01957;195,7
2025-02-10;0,01957;195,7
2025-02-11;0,01971;197,1
2025-02-12;0,01966;196,6
2025-02-13;0,01928;192,8
2025-02-14;0,01922;192,2
2025-02-17;0,01926;192,6
2025-02-18;0,01962;196,2
2025-02-19;0,02002;200,2
2025-02-20;0,02006;200,6
2025-02-21;0,01981;198,1
2025-02-24;0,01969;196,9
2025-02-25;0,01963;196,3
2025-02-26;0,01985;198,5
2025-02-27;0,01994;199,4
2025-02-28;0,01954;195,4
2025-03-03;0,01983;198,3
2025-03-04;0,0197;197
2025-03-05;0,02113;211,3
2025-03-06;0,02124;212,4
2025-03-07;0,02094;209,4
2025-03-10;0,02086;208,6
2025-03-11;0,02143;214,3
2025-03-12;0,02124;212,4
2025-03-13;0,02091;209,1
2025-03-14;0,02106;210,6
2025-03-17;0,02102;210,2
2025-03-18;0,02094;209,4
2025-03-19;0,02079;207,9
2025-03-20;0,02061;206,1
2025-03-21;0,02062;206,2
2025-03-24;0,02069;206,9
2025-03-25;0,02065;206,5
2025-03-26;0,02066;206,6
2025-03-27;0,02052;205,2
2025-03-28;0,02031;203,1
2025-03-31;0,0206;206
2025-04-01;0,0203;203
2025-04-02;0,02017;201,7
2025-04-03;0,01981;198,1
2025-04-04;0,01947;194,7
2025-04-07;0,01927;192,7
2025-04-08;0,01953;195,3
2025-04-09;0,01919;191,9
2025-04-10;0,01922;192,2
2025-04-11;0,01909;190,9
2025-04-14;0,01926;192,6
2025-04-15;0,01916;191,6
2025-04-16;0,01927;192,7
2025-04-17;0,01943;194,3
2025-04-18;0,01943;194,3
2025-04-21;0,01943;194,3
2025-04-22;0,01949;194,9
2025-04-23;0,01976;197,6
2025-04-24;0,01995;199,5
2025-04-25;0,01998;199,8
2025-04-28;0,01995;199,5
2025-04-29;0,01942;194,2
2025-04-30;0,0195;195
2025-05-01;0,0195;195
2025-05-02;0,01957;195,7
2025-05-05;0,01969;196,9
2025-05-06;0,01983;198,3
2025-05-07;0,0196;196
2025-05-08;0,01964;196,4
2025-05-09;0,01974;197,4
2025-05-12;0,02017;201,7
2025-05-13;0,02022;202,2
2025-05-14;0,02035;203,5
2025-05-15;0,02021;202,1
2025-05-16;0,02005;200,5
2025-05-19;0,02009;200,9
2025-05-20;0,02015;201,5
2025-05-21;0,0204;204
2025-05-22;0,0203;203
2025-05-23;0,02005;200,5
2025-05-26;0,01992;199,2
2025-05-27;0,01959;195,9
2025-05-28;0,01979;197,9
2025-05-29;0,0196;196
2025-05-30;0,01953;195,3
2025-06-02;0,01966;196,6
2025-06-03;0,01963;196,3
2025-06-04;0,01947;194,7
2025-06-05;0,01972;197,2
2025-06-06;0,0198;198
2025-06-09;0,01988;198,8
2025-06-10;0,01983;198,3
2025-06-11;0,01991;199,1
2025-06-12;0,01984;198,4
2025-06-13;0,01995;199,5
2025-06-16;0,01985;198,5
2025-06-17;0,02001;200,1
2025-06-18;0,02005;200,5
2025-06-19;0,02011;201,1
2025-06-20;0,02001;200,1
2025-06-23;0,01999;199,9
2025-06-24;0,01967;196,7
2025-06-25;0,01961;196,1
2025-06-26;0,01956;195,6
2025-06-27;0,01967;196,7
2025-06-30;0,0195;195
2025-07-01;0,01923;192,3
2025-07-02;0,01942;194,2
2025-07-03;0,01927;192,7
2025-07-04;0,01909;190,9
2025-07-07;0,0191;191
2025-07-08;0,0193;193
2025-07-09;0,01937;193,7
2025-07-10;0,0193;193
2025-07-11;0,0194;194
2025-07-14;0,01941;194,1
2025-07-15;0,01941;194,1
2025-07-16;0,01923;192,3
2025-07-17;0,01916;191,6
2025-07-18;0,0192;192
2025-07-21;0,01907;190,7
2025-07-22;0,0191;191
2025-07-23;0,01927;192,7
2025-07-24;0,01964;196,4
2025-07-25;0,01968;196,8
2025-07-28;0,0195;195
2025-07-29;0,01963;196,3
2025-07-30;0,01969;196,9
2025-07-31;0,01971;197,1
2025-08-01;0,01928;192,8
2025-08-04;0,01912;191,2
2025-08-05;0,01914;191,4
2025-08-06;0,01936;193,6
2025-08-07;0,01923;192,3
2025-08-08;0,01919;191,9
2025-08-11;0,01924;192,4
2025-08-12;0,01927;192,7
2025-08-13;0,01905;190,5
2025-08-14;0,01908;190,8
2025-08-15;0,01913;191,3
2025-08-18;0,01906;190,6
2025-08-19;0,01905;190,5
2025-08-20;0,01899;189,9
2025-08-21;0,01902;190,2
2025-08-22;0,019;190
2025-08-25;0,01917;191,7
2025-08-26;0,01918;191,8
2025-08-27;0,01929;192,9
2025-08-28;0,0192;192
2025-08-29;0,01917;191,7
2025-09-01;0,01921;192,1
2025-09-02;0,01923;192,3
2025-09-03;0,01921;192,1
2025-09-04;0,01911;191,1
2025-09-05;0,0189;189
2025-09-08;0,01884;188,4
2025-09-09;0,01891;189,1
2025-09-10;0,01889;188,9
2025-09-11;0,01873;187,3
2025-09-12;0,01868;186,8
2025-09-15;0,0187;187
2025-09-16;0,01865;186,5
2025-09-17;0,01857;185,7
2025-09-18;0,01855;185,5
2025-09-19;0,01856;185,6
2025-09-22;0,01857;185,7
2025-09-23;0,01848;184,8
2025-09-24;0,01848;184,8
2025-09-25;0,01858;185,8
2025-09-26;0,01862;186,2
2025-09-29;0,01846;184,6
2025-09-30;0,01822;182,2
2025-10-01;0,01813;181,3
2025-10-02;0,01799;179,9
2025-10-03;0,01804;180,4
2025-10-06;0,01812;181,2
2025-10-07;0,01803;180,3
2025-10-08;0,01772;177,2
2025-10-09;0,01782;178,2
2025-10-10;0,01771;177,1
2025-10-13;0,01778;177,8
2025-10-14;0,01787;178,7
2025-10-15;0,01776;177,6
2025-10-16;0,01768;176,8
2025-10-17;0,01755;175,5
2025-10-20;0,01752;175,2
2025-10-21;0,01755;175,5
2025-10-22;0,01764;176,4
2025-10-23;0,01763;176,3
2025-10-24;0,01763;176,3
2025-10-27;0,01759;175,9
2025-10-28;0,01742;174,2
2025-10-29;0,01747;174,7
2025-10-30;0,01759;175,9
2025-10-31;0,01752;175,2
2025-11-03;0,0174;174
2025-11-04;0,01743;174,3
2025-11-05;0,01749;174,9
2025-11-06;0,01756;175,6
2025-11-07;0,01755;175,5
2025-11-10;0,01753;175,3
2025-11-11;0,0177;177
2025-11-12;0,01768;176,8
2025-11-13;0,01787;178,7
2025-11-14;0,01803;180,3
2025-11-17;0,01812;181,2
2025-11-18;0,01818;181,8
2025-11-19;0,01803;180,3
2025-11-20;0,01811;181,1
2025-11-21;0,01796;179,6
2025-11-24;0,01785;178,5
2025-11-25;0,01763;176,3
2025-11-26;0,01767;176,7
2025-11-27;0,01795;179,5
2025-11-28;0,0179;179
2025-12-01;0,01798;179,8
2025-12-02;0,01781;178,1
2025-12-03;0,01767;176,7
2025-12-04;0,0178;178
2025-12-05;0,01794;179,4
2025-12-08;0,01808;180,8
2025-12-09;0,01791;179,1
2025-12-10;0,01795;179,5
2025-12-11;0,01796;179,6
2025-12-12;0,01803;180,3
2025-12-15;0,01798;179,8
2025-12-16;0,01778;177,8
2025-12-17;0,01772;177,2
2025-12-18;0,01756;175,6
2025-12-19;0,01759;175,9
2025-12-22;0,01763;176,3
2025-12-23;0,01753;175,3
2025-12-24;0,01754;175,4
2025-12-25;0,01754;175,4
2025-12-26;0,01754;175,4
2025-12-29;0,01748;174,8
2025-12-30;0,01747;174,7
2025-12-31;0,01748;174,8
2026-01-01;0,01748;174,8
2026-01-02;0,01754;175,4
2026-01-05;0,01755;175,5
2026-01-06;0,01752;175,2
2026-01-07;0,01734;173,4
2026-01-08;0,01734;173,4
2026-01-09;0,01733;173,3
2026-01-12;0,0172;172
2026-01-13;0,0173;173
2026-01-14;0,01733;173,3
2026-01-15;0,01764;176,4
2026-01-16;0,01768;176,8
2026-01-19;0,01768;176,8
2026-01-20;0,01774;177,4
2026-01-21;0,01792;179,2
2026-01-22;0,01776;177,6
2026-01-23;0,01778;177,8
2026-01-26;0,0178;178
2026-01-27;0,01801;180,1
2026-01-28;0,01802;180,2
2026-01-29;0,01807;180,7
2026-01-30;0,0182;182
2026-02-02;0,01806;180,6
2026-02-03;0,01798;179,8
2026-02-04;0,01773;177,3
2026-02-05;0,01768;176,8
2026-02-06;0,01757;175,7
2026-02-09;0,01744;174,4
2026-02-10;0,01735;173,5
2026-02-11;0,01745;174,5
2026-02-12;0,0174;174
2026-02-13;0,01736;173,6
2026-02-16;0,01728;172,8
2026-02-17;0,0172;172
2026-02-18;0,01733;173,3
2026-02-19;0,01731;173,1
2026-02-20;0,0172;172
2026-02-23;0,01712;171,2
2026-02-24;0,01708;170,8
2026-02-25;0,01693;169,3
2026-02-26;0,01688;168,8
2026-02-27;0,01703;170,3
2026-03-02;0,01716;171,6
2026-03-03;0,01785;178,5
2026-03-04;0,01797;179,7
2026-03-05;0,01784;178,4
2026-03-06;0,01889;188,9
2026-03-09;0,0192;192
2026-03-10;0,01854;185,4
2026-03-11;0,01902;190,2
2026-03-12;0,01967;196,7
2026-03-13;0,01961;196,1
2026-03-16;0,01951;195,1
2026-03-17;0,01912;191,2
2026-03-18;0,01933;193,3
2026-03-19;0,01964;196,4
2026-03-20;0,01968;196,8
2026-03-23;0,01947;194,7
2026-03-24;0,01944;194,4
2026-03-25;0,01918;191,8
2026-03-26;0,02005;200,5
2026-03-27;0,02015;201,5
2026-03-30;0,02031;203,1
2026-03-31;0,02028;202,8
2026-04-01;0,02004;200,4
2026-04-02;0,02072;207,2
2026-04-03;0,02072;207,2
2026-04-06;0,02072;207,2
2026-04-07;0,02112;211,2
2026-04-08;0,0202;202
2026-04-09;0,02059;205,9
2026-04-10;0,02076;207,6
2026-04-13;0,02097;209,7
2026-04-14;0,02043;204,3
2026-04-15;0,02011;201,1
2026-04-16;0,02007;200,7
2026-04-17;0,01918;191,8
2026-04-20;0,01935;193,5
2026-04-21;0,01928;192,8
2026-04-22;0,01959;195,9
2026-04-23;0,01981;198,1
2026-04-24;0,01994;199,4
2026-04-27;0,0201;201
2026-04-28;0,02033;203,3
2026-04-29;0,02069;206,9
2026-04-30;0,02061;206,1
2026-05-01;0,02061;206,1
2026-05-04;0,02071;207,1
2026-05-05;0,02072;207,2
2026-05-06;0,02008;200,8
2026-05-07;0,01964;196,4
2026-05-08;0,01985;198,5
2026-05-11;0,02009;200,9
2026-05-12;0,02046;204,6
2026-05-13;0,02029;202,9
2026-05-14;0,02004;200,4
2026-05-15;0,0203;203
2026-05-18;0,0204;204
2026-05-19;0,02015;201,5
2026-05-20;0,0196;196
2026-05-21;0,01933;193,3
2026-05-22;0,01888;188,8
2026-05-25;0,01837;183,7
2026-05-26;0,01863;186,3
2026-05-27;0,01877;187,7
2026-05-28;0,01866;186,6
2026-05-29;0,01813;181,3
2026-06-01;0,01828;182,8
2026-06-02;0,01836;183,6
2026-06-03;0,01858;185,8
2026-06-04;0,01846;184,6
2026-06-05;0,01835;183,5
2026-06-08;0,01842;184,2
2026-06-09;0,01818;181,8
2026-06-10;0,0183;183
2026-06-11;0,01812;181,2
2026-06-12;0,01782;178,2
2026-06-15;0,0175;175
2026-06-16;0,01725;172,5
2026-06-17;0,01731;173,1
2026-06-18;0,01717;171,7
2026-06-19;0,01736;173,6
2026-06-22;0,01721;172,1
2026-06-23;0,01698;169,8
2026-06-24;0,01669;166,9
2026-06-25;0,01668;166,8
2026-06-26;0,01661;166,1
2026-06-29;0,01675;167,5
2026-06-30;0,01696;169,6
2026-07-01;0,0172;172
2026-07-02;0,01712;171,2
2026-07-03;0,01715;171,5
2026-07-06;0,01718;171,8
2026-07-07;0,01719;171,9
2026-07-08;0,01784;178,4
2026-07-09;0,01755;175,5
2026-07-10;0,01735;173,5
2026-07-13;0,01764;176,4
2026-07-14;0,01774;177,4
2026-07-15;0,01768;176,8
2026-07-16;0,01786;178,6
2026-07-17;0,01794;179,4
2026-07-20;0,01806;180,6
2026-07-21;0,01811;181,1
2026-07-22;0,0181;181
2026-07-23;0,01842;184,2
2026-07-24;0,01796;179,6
2026-07-27;0,01742;174,2
2026-07-28;0,01742;174,2
2026-07-29;0,01792;179,2
2026-07-30;0,01778;177,8
2026-07-31;0,01794;179,4
2026-08-03;0,01758;175,8
2026-08-04;0,01742;174,2
2026-08-05;0,01735;173,5
2026-08-06;0,01747;174,7
2026-08-07;0,01782;178,2
2026-08-10;0,01817;181,7
2026-08-11;0,0182;182
2026-08-12;0,01834;183,4
2026-08-13;0,01821;182,1
2026-08-14;0,01854;185,4
2026-08-17;0,01884;188,4
2026-08-18;0,01926;192,6
2026-08-19;0,0192;192
2026-08-20;0,01957;195,7
2026-08-21;0,01949;194,9
2026-08-24;0,01959;195,9
2026-08-25;0,01945;194,5
2026-08-26;0,01936;193,6
2026-08-27;0,01961;196,1
2026-08-28;0,01943;194,3
2026-08-31;0,0195;195
2026-09-01;0,01968;196,8
2026-09-02;0,0197;197
2026-09-03;0,01951;195,1
2026-09-04;0,01992;199,2
2026-09-07;0,02032;203,2
2026-09-08;0,02048;204,8
2026-09-09;0,02044;204,4
2026-09-10;0,02045;204,5
2026-09-11;0,02035;203,5
2026-09-14;0,02018;201,8
2026-09-15;0,02023;202,3
2026-09-16;0,0201;201
2026-09-17;0,02;200
2026-09-18;0,02032;203,2
2026-09-21;0,02003;200,3
2026-09-22;0,01997;199,7
2026-09-23;0,02054;205,4
2026-09-24;0,02095;209,5
2026-09-25;0,02076;207,6
2026-09-28;0,02044;204,4
2026-09-29;0,01998;199,8
2026-09-30;0,02002;200,2
2026-10-01;0,02024;202,4
