syndication_type;settlement_date;maturity_year;isin;line;amount;weighted_rate;weighted_price;index_ratio;instrument_family;coupon;maturity_date;line_label;operation
synd_I;1999-10-01;2029;FR0000186413;OATi 3,4% 25 juillet 2029;2800;0,0341;1,0136;0,99702;OATi;0,034;2029-07-25;OATi 3,4% 25 juillet 2029;emission
synd_I;2001-10-31;2012;FR0000188013;OAT€i 3% 25 juillet 2012;4000;0,0298;1,0017;1,00104;OAT€i;0,03;2012-07-25;OAT€i 3% 25 juillet 2012;emission
synd_I;2001-10-31;2012;FR0000188013;OAT€i 3% 25 juillet 2012;2500;0,0298;1,0017;1,00104;OAT€i;0,03;2012-07-25;OAT€i 3% 25 juillet 2012;emission
synd_I;2001-10-31;2009;FR0000571424;OATi 3% 25 juillet 2009;-2500;0,0328;0,9811;1,03819;OATi;0,03;2009-07-25;OATi 3% 25 juillet 2009;rachat
synd_I;2002-10-31;2029;FR0000186413;OATi 3,4% 25 juillet 2029;-919,856;0,0331;1,0156;1,05159;OATi;0,034;2029-07-25;OATi 3,4% 25 juillet 2029;rachat
synd_I;2002-10-31;2032;FR0000188799;OAT€i 3,15% 25 juillet 2032;3080,144;0,032;0,9902;0,99858;OAT€i;0,0315;2032-07-25;OAT€i 3,15% 25 juillet 2032;emission
synd_I;2002-10-31;2032;FR0000188799;OAT€i 3,15% 25 juillet 2032;919,856;0,032;0,9902;0,99858;OAT€i;0,0315;2032-07-25;OAT€i 3,15% 25 juillet 2032;emission
synd_I;2004-01-22;2020;FR0010050559;OAT€i 2,25% 25 juillet 2020;4000;0,0237;0,9837;1,00513;OAT€i;0,0225;2020-07-25;OAT€i 2,25% 25 juillet 2020;emission
synd_LT;2005-02-28;2055;FR0010171975;OAT 4% 25 avril 2055;6000;0,0421;0,9563;;OAT;0,04;2055-04-25;OAT 4% 25 avril 2055;emission
synd_I;2007-03-14;2040;FR0010447367;OAT€i 1,8% 25 juillet 2040;4000;0,01875;0,9815;1,00332;OAT€i;0,018;2040-07-25;OAT€i 1,8% 25 juillet 2040;emission
synd_I;2008-02-20;2023;FR0010585901;OATi 2,1% 25 juillet 2023;3000;0,022;0,9869;1,01416;OATi;0,021;2023-07-25;OATi 2,1% 25 juillet 2023;emission
synd_LT;2009-06-30;2041;FR0010773192;OAT 4,5% 25 avril 2041;6000;0,04525;0,9957;;OAT;0,045;2041-04-25;OAT 4,5% 25 avril 2041;emission
synd_LT;2010-03-17;2060;FR0010870956;OAT 4% 25 avril 2060;5000;0,04175;0,9634;;OAT;0,04;2060-04-25;OAT 4% 25 avril 2060;emission
synd_I;2011-02-16;2027;FR0011008705;OAT€i 1,85% 25 juillet 2027;3000;0,01898;0,9932;1,0086;OAT€i;0,0185;2027-07-25;OAT€i 1,85% 25 juillet 2027;emission
synd_LT;2013-04-04;2045;FR0011461037;OAT 3,25% 25 mai 2045;4500;0,0326;0,9974;;OAT;0,0325;2045-05-25;OAT 3,25% 25 mai 2045;emission
synd_I;2014-06-18;2030;FR0011982776;OAT€i 0,7% 25 juillet 2030;3500;0,0076;0,9909;1,00487;OAT€i;0,007;2030-07-25;OAT€i 0,7% 25 juillet 2030;emission
synd_LT;2016-04-19;2066;FR0013154028;OAT 1,75% 25 mai 2066;3000;0,01916;0,94683;;OAT;0,0175;2066-05-25;OAT 1,75% 25 mai 2066;emission
synd_LT;2016-04-19;2036;FR0013154044;OAT 1,25% 25 mai 2036;6000;0,0131;0,98945;;OAT;0,0125;2036-05-25;OAT 1,25% 25 mai 2036;emission
synd_I;2016-10-05;2047;FR0013209871;OAT€i 0,1% 25 juillet 2047;4000;-0,0026;1,1163;0,99683;OAT€i;0,001;2047-07-25;OAT€i 0,1% 25 juillet 2047;emission
synd_LT;2017-01-31;2039;FR0013234333;OAT 1,75% 25 juin 2039;7000;0,0174;1,0016;;OAT;0,0175;2039-06-25;OAT 1,75% 25 juin 2039;emission
synd_LT;2017-05-25;2048;FR0013257524;OAT 2% 25 mai 2048;7000;0,01997;1,0007;;OAT;0,02;2048-05-25;OAT 2% 25 mai 2048;emission
synd_I;2018-04-06;2036;FR0013327491;OAT€i 0,1% 25 juillet 2036;3500;-0,0036;1,0874;0,9981;OAT€i;0,001;2036-07-25;OAT€i 0,1% 25 juillet 2036;emission
synd_LT;2018-07-03;2039;FR0013234333;OAT 1,75% 25 juin 2039;4000;0,0146;1,0517;;OAT;0,0175;2039-06-25;OAT 1,75% 25 juin 2039;emission
synd_LT;2019-02-26;2050;FR0013404969;OAT 1,5% 25 mai 2050;7000;0,0161;0,9734;;OAT;0,015;2050-05-25;OAT 1,5% 25 mai 2050;emission
synd_LT;2020-02-04;2052;FR0013480613;OAT 0,75% 25 mai 2052;5000;0,0073;1,0066;;OAT;0,0075;2052-05-25;OAT 0,75% 25 mai 2052;emission
synd_LT;2020-06-03;2040;FR0013515806;OAT 0,5% 25 mai 2040;7000;0,00525;0,9953;;OAT;0,005;2040-05-25;OAT 0,5% 25 mai 2040;emission
synd_LT;2020-07-15;2036;FR0013524014;OATi 0,1% 1 mars 2036;3000;-0,0063;1,1203;0,99505;OATi;0,001;2036-03-01;OATi 0,1% 1 mars 2036;emission
synd_LT;2021-01-26;2072;FR0014001NN8;OAT 0,5% 25 mai 2072;7000;0,00593;0,95895;;OAT;0,005;2072-05-25;OAT 0,5% 25 mai 2072;emission
synd_LT;2021-03-23;2044;FR0014002JM6;OAT 0,5% 25 juin 2044;7000;0,0053;0,9943;;OAT;0,005;2044-06-25;OAT 0,5% 25 juin 2044;emission
synd_LT;2021-07-13;2053;FR0014004J31;OAT 0,75% 25 mai 2053;5000;0,00918;0,95376;;OAT;0,0075;2053-05-25;OAT 0,75% 25 mai 2053;emission
synd_I;2022-02-01;2053;FR0014008181;OAT€i 0,1% 25 juillet 2053;3000;-0,0093;1,37687;1,02416;OAT€i;0,001;2053-07-25;OAT€i 0,1% 25 juillet 2053;emission
synd_I;2022-06-01;2038;FR001400AQH0;OAT€i 0,1% 25 juillet 2038;4000;-0,00415;1,0862;1,06747;OAT€i;0,001;2038-07-25;OAT€i 0,1% 25 juillet 2038;emission
synd_LT;2022-09-13;2043;FR001400CMX2;OAT 2,5% 25 mai 2043;5000;0,026;0,98471;;OAT;0,025;2043-05-25;OAT 2,5% 25 mai 2043;emission
synd_LT;2023-02-14;2054;FR001400FTH3;OAT 3% 25 mai 2054;5000;0,0313;0,97422;;OAT;0,03;2054-05-25;OAT 3% 25 mai 2054;emission
synd_I;2023-06-14;2039;FR001400IKW5;OATi 0,55% 1 mars 2039;3000;0,0065;0,9857;1,02468;OATi;0,0055;2039-03-01;OATi 0,55% 1 mars 2039;emission
synd_LT;2024-01-23;2049;FR001400NEF3;OAT 3% 25 juin 2049;8000;0,03201;0,9653;;OAT;0,03;2049-06-25;OAT 3% 25 juin 2049;emission
synd_LT;2024-03-05;2055;FR001400OHF4;OAT 3,25% 25 mai 2055;8000;0,0342;0,9676;;OAT;0,0325;2055-05-25;OAT 3,25% 25 mai 2055;emission
synd_I;2024-05-29;2043;FR001400QCA1;OAT€i 0,95% 25 juillet 2043;4000;0,00984;0,9941;1,01591;OAT€i;0,0095;2043-07-25;OAT€i 0,95% 25 juillet 2043;emission
synd_LT;2025-01-28;2042;FR001400WYO4;OAT 3,6% 25 mai 2042;10000;0,03664;0,9918;;OAT;0,036;2042-05-25;OAT 3,6% 25 mai 2042;emission
synd_LT;2025-02-19;2056;FR001400XJJ3;OAT 3,75% 25 mai 2056;8000;0,03819;0,9874;;OAT;0,0375;2056-05-25;OAT 3,75% 25 mai 2056;emission
synd_I;2025-04-01;2043;FR001400QCA1;OAT€i 0,95% 25 juillet 2043;3000;0,01676;0,8863;1,02691;OAT€i;0,0095;2043-07-25;OAT€i 0,95% 25 juillet 2043;emission
synd_LT;2025-05-07;2049;FR001400NEF3;OAT 3% 25 juin 2049;5000;0,03834;0,87014;;OAT;0,03;2049-06-25;OAT 3% 25 juin 2049;emission
synd_LT;2026-01-21;2046;FR0014015MU5;OAT 4,1% 25 mai 2046;10000;0,0419;0,9872;;OAT;0,041;2046-05-25;OAT 4,1% 25 mai 2046;emission
synd_LT;2026-02-18;2057;FR0014016CV2;OAT 4,4% 25 mai 2057;8000;0,04439;0,99329;;OAT;0,044;2057-05-25;OAT 4,4% 25 mai 2057;emission
synd_LT;2026-04-21;2037;FR0014017Z10;OAT 3,8% 25 juin 2037;10000;0,039;0,9911;;OAT;0,038;2037-06-25;OAT 3,8% 25 juin 2037;emission
